male,行ったことはないが、行ってみたい,月に数回程度,安眠効果,外気浴など、クールダウンするできる場所,ある...
male,行ったことはないが、行ってみたい,半年に1回程度,安眠効果,サウナ室の温度,ある...
female,行ったことはなく、今後も行く予定はない,2〜3ヶ月に1回程度,ととのいたい!!,水風呂の温度,ある...
male,行ったことがある,週に2回以上,疲労回復効果,水風呂の温度,ない!!
,,,,,
female,行ったことはないが、行ってみたい,月に数回程度,友人との交流の場,外気浴など、クールダウンできる場所,ある...
,,,,,
female,行ったことはなく、今後も行く予定はない,半年に1回程度,ととのいたい!!,水風呂の温度,ない!!
,,,,,
male,行ったことがある,1年に1回程度,安眠効果,サウナ室の温度,ない!!
,,,,,
female,行ったことはないが、行ってみたい,週に2回以上,ダイエット,価格,ある...
male,行ったことはなく、今後も行く予定はない,週に1回程度,疲労回復効果,外気浴など、クールダウンできる場所,ある...
,,,,,
,,,,,
,,,,,
,,,,,
,,,,,
male,行ったことがある,週に2回以上,疲労回復効果,サウナ室の温度,ある...
male,行ったことはないが、行ってみたい,1年に1回程度,ととのいたい!!,水風呂の温度,ある...
,,,,,
,,,,,
,,,,,
male,行ったことはないが、行ってみたい,月に数回程度,ダイエット,サウナ室の温度,ある...
,,,,,
,,,,,
